СТАНЦИЯ,дата,Значение
Беспонтовая,2024-01-01,1235.0089352810378
Беспонтовая,2024-01-02,1314.8044243037652
Беспонтовая,2024-01-03,1385.8415228385747
Беспонтовая,2024-01-04,1456.2338576669395
Беспонтовая,2024-01-05,1486.258219265947
Беспонтовая,2024-01-06,1519.0714117899956
Беспонтовая,2024-01-07,1526.1488405220653
Беспонтовая,2024-01-08,1583.9947265967608
Беспонтовая,2024-01-09,1629.0585330834851
Беспонтовая,2024-01-10,1665.5470813276033
Беспонтовая,2024-01-11,1702.1266940278429
Беспонтовая,2024-01-12,1699.5574813646717
Беспонтовая,2024-01-13,1701.4027066607623
Беспонтовая,2024-01-14,1679.4623601852563
Беспонтовая,2024-01-15,1710.4808786437902
Беспонтовая,2024-01-16,1731.063569985458
Беспонтовая,2024-01-17,1745.491128030197
Беспонтовая,2024-01-18,1762.4264132432763
Беспонтовая,2024-01-19,1742.5553960738612
Беспонтовая,2024-01-20,1729.304927299428
Беспонтовая,2024-01-21,1694.2861487814057
Беспонтовая,2024-01-22,1714.0131338584156
Беспонтовая,2024-01-23,1724.830946439689
Беспонтовая,2024-01-24,1730.7421217760154
Беспонтовая,2024-01-25,1740.1253641926287
Беспонтовая,2024-01-26,1713.3879888598676
Беспонтовая,2024-01-27,1693.6944251023542
Беспонтовая,2024-01-28,1652.4192799637644
Беспонтовая,2024-01-29,1665.874277566704
Беспонтовая,2024-01-30,1670.2430380364856
Беспонтовая,2024-01-31,1669.4125279035752
Беспонтовая,2024-02-01,1671.6948645810323
Беспонтовая,2024-02-02,1637.480950007749
Беспонтовая,2024-02-03,1609.9682601732152
Беспонтовая,2024-02-04,1560.6113582953194
Беспонтовая,2024-02-05,1565.8445729725663
Беспонтовая,2024-02-06,1562.0109827939418
Беспонтовая,2024-02-07,1553.1867626929857
Беспонтовая,2024-02-08,1547.8948360953916
Беспонтовая,2024-02-09,1506.7495988647847
Беспонтовая,2024-02-10,1473.1753527289925
Беспонтовая,2024-02-11,1418.8473370907084
Беспонтовая,2024-02-12,1420.405121746188
Беспонтовая,2024-02-13,1414.3728133194763
Беспонтовая,2024-02-14,1404.9754225757385
Беспонтовая,2024-02-15,1400.8456002507687
Беспонтовая,2024-02-16,1362.6627347920748
Беспонтовая,2024-02-17,1333.867234183432
Беспонтовая,2024-02-18,1286.0990169968131
Беспонтовая,2024-02-19,1295.9100593873707
Беспонтовая,2024-02-20,1299.6854807757802
Беспонтовая,2024-02-21,1301.4624905686119
Беспонтовая,2024-02-22,1309.6413251406693
Беспонтовая,2024-02-23,1284.630039273845
Беспонтовая,2024-02-24,1269.565798531282
Беспонтовая,2024-02-25,1235.7614812673194
Беспонтовая,2024-02-26,1259.4271866797392
Беспонтовая,2024-02-27,1276.6008553934462
Беспонтовая,2024-02-28,1290.9770313454483
Беспонтовая,2024-02-29,1310.6275924120498
Беспонтовая,2024-03-01,1295.6560132709187
Беспонтовая,2024-03-02,1288.9275165904655
Беспонтовая,2024-03-03,1261.5236499931507
Беспонтовая,2024-03-04,1289.4706413107865
Беспонтовая,2024-03-05,1308.675529409812
Беспонтовая,2024-03-06,1322.7589310803664
Беспонтовая,2024-03-07,1339.778149028892
Беспонтовая,2024-03-08,1319.882111500738
Беспонтовая,2024-03-09,1306.0404781150203
Беспонтовая,2024-03-10,1269.4954797541718
Беспонтовая,2024-03-11,1286.4859262192817
Беспонтовая,2024-03-12,1293.1775082646177
Беспонтовая,2024-03-13,1293.4884278892848
Беспонтовая,2024-03-14,1295.8042739566117
Беспонтовая,2024-03-15,1260.623877799908
Беспонтовая,2024-03-16,1231.2787521421178
Беспонтовая,2024-03-17,1179.3749663436627
Беспонтовая,2024-03-18,1181.5071846463698
Беспонтовая,2024-03-19,1174.1792859219693
Беспонтовая,2024-03-20,1161.6208808777253
Беспонтовая,2024-03-21,1152.49390762848
Беспонтовая,2024-03-22,1107.5312780514946
Беспонтовая,2024-03-23,1070.2503829285408
Беспонтовая,2024-03-24,1012.3904745206323
Беспонтовая,2024-03-25,1010.6237750430254
Беспонтовая,2024-03-26,1001.4748041085261
Беспонтовая,2024-03-27,989.1372664284455
Беспонтовая,2024-03-28,982.1826562993622
Беспонтовая,2024-03-29,941.202478213751
Беспонтовая,2024-03-30,909.5267722960443
Беспонтовая,2024-03-31,858.6678015313919
Беспонтовая,2024-04-01,865.038550324768
Беспонтовая,2024-04-02,864.8802974735655
Беспонтовая,2024-04-03,862.0883509215436
Беспонтовая,2024-04-04,864.929830751976
Беспонтовая,2024-04-05,833.6951217821819
Беспонтовая,2024-04-06,811.4254070099225
Беспонтовая,2024-04-07,769.3648703192922
Беспонтовая,2024-04-08,783.6869663693939
Беспонтовая,2024-04-09,790.4287935766795
Беспонтовая,2024-04-10,793.3224615386537
Беспонтовая,2024-04-11,800.5171802234318
Беспонтовая,2024-04-12,772.2335746212184
Беспонтовая,2024-04-13,751.4925632073307
Беспонтовая,2024-04-14,709.5673624164945
Беспонтовая,2024-04-15,722.7080360191737
Беспонтовая,2024-04-16,727.0726925276413
Беспонтовая,2024-04-17,726.5543330859861
Беспонтовая,2024-04-18,729.4972285139445
Беспонтовая,2024-04-19,696.344515905675
Беспонтовая,2024-04-20,670.3595692804141
Беспонтовая,2024-04-21,623.0699452911084
Беспонтовая,2024-04-22,630.9835768961816
Беспонтовая,2024-04-23,630.5115794925338
Беспонтовая,2024-04-24,625.7869326246469
Беспонтовая,2024-04-25,625.3731679133369
Беспонтовая,2024-04-26,589.9049892067117
Беспонтовая,2024-04-27,562.803591536267
Беспонтовая,2024-04-28,515.7156620690113
Беспонтовая,2024-04-29,525.2258828015063
Беспонтовая,2024-04-30,527.7774066610276
Беспонтовая,2024-05-01,527.4896345267421
Беспонтовая,2024-05-02,532.8674436756079
Беспонтовая,2024-05-03,504.44376858679533
Беспонтовая,2024-05-04,485.4982316828987
Беспонтовая,2024-05-05,447.50069658674676
Беспонтовая,2024-05-06,466.82941503822144
Беспонтовая,2024-05-07,479.69805729646765
Беспонтовая,2024-05-08,489.9807442339522
Беспонтовая,2024-05-09,505.9290014425006
Беспонтовая,2024-05-10,487.8222924333656
Беспонтовая,2024-05-11,478.69457859049965
Беспонтовая,2024-05-12,449.7855302404141
Беспонтовая,2024-05-13,477.2658211560603
Беспонтовая,2024-05-14,497.17057424581066
Беспонтовая,2024-05-15,513.2298781572696
Беспонтовая,2024-05-16,533.590126304352
Беспонтовая,2024-05-17,518.4677014084284
Беспонтовая,2024-05-18,510.87735809038435
Беспонтовая,2024-05-19,482.08387447578775
Беспонтовая,2024-05-20,508.3263949820315
Беспонтовая,2024-05-21,525.7495653599456
Беспонтовая,2024-05-22,538.2304553538498
Беспонтовая,2024-05-23,554.0951359934849
Беспонтовая,2024-05-24,533.7665862986828
Беспонтовая,2024-05-25,520.486465020705
Беспонтовая,2024-05-26,485.75952709848735
Беспонтовая,2024-05-27,506.07033481538696
Беспонтовая,2024-05-28,517.8066045110272
Беспонтовая,2024-05-29,525.0784284868885
Беспонтовая,2024-05-30,536.4274802711734
Беспонтовая,2024-05-31,512.468108551855
Беспонтовая,2024-06-01,496.6030681415056
Беспонтовая,2024-06-02,460.46285600158154
Беспонтовая,2024-06-03,480.61846043230287
Беспонтовая,2024-06-04,493.5019872781486
Беспонтовая,2024-06-05,503.2244868608096
Беспонтовая,2024-06-06,518.2851323705706
Беспонтовая,2024-06-07,499.21365478123556
Беспонтовая,2024-06-08,489.2887396453982
Беспонтовая,2024-06-09,459.9812693832635
Беспонтовая,2024-06-10,487.67209600845706
Беспонтовая,2024-06-11,508.5786500864922
Беспонтовая,2024-06-12,526.5795216333718
Беспонтовая,2024-06-13,549.9309516051674
Беспонтовая,2024-06-14,538.9169095162914
Беспонтовая,2024-06-15,536.5752227347521
Беспонтовая,2024-06-16,514.1483984716335
Беспонтовая,2024-06-17,547.8085856050352
Беспонтовая,2024-06-18,573.5907565659136
Беспонтовая,2024-06-19,595.2230387110683
Беспонтовая,2024-06-20,620.8479533114216
Беспонтовая,2024-06-21,610.6760885911658
Беспонтовая,2024-06-22,607.7145593754444
Беспонтовая,2024-06-23,583.2188210597819
Беспонтовая,2024-06-24,613.4172537516978
Беспонтовая,2024-06-25,634.4426085692076
Беспонтовая,2024-06-26,650.1593000035058
Беспонтовая,2024-06-27,668.8803980287935
Беспонтовая,2024-06-28,651.0159800840064
Беспонтовая,2024-06-29,639.7953631639355
Беспонтовая,2024-06-30,606.7119801942357
Козырная,2024-01-01,4634.270929962275
Козырная,2024-01-02,5387.8876804760475
Козырная,2024-01-03,6024.233338733022
Козырная,2024-01-04,6623.49528417214
Козырная,2024-01-05,6973.149713568256
Козырная,2024-01-06,7091.26833539276
Козырная,2024-01-07,7037.538074651631
Козырная,2024-01-08,7996.6565473941155
Козырная,2024-01-09,8337.950334039188
Козырная,2024-01-10,8559.782170243656
Козырная,2024-01-11,8750.574890701906
Козырная,2024-01-12,8705.41720705852
Козырная,2024-01-13,8449.218341516682
Козырная,2024-01-14,8047.600557585918
Козырная,2024-01-15,8690.19489644667
Козырная,2024-01-16,8750.188909504186
Козырная,2024-01-17,8728.6934480715
Козырная,2024-01-18,8715.756459730695
Козырная,2024-01-19,8506.988173160185
Козырная,2024-01-20,8126.763216249945
Козырная,2024-01-21,7639.186512093329
Козырная,2024-01-22,8231.48542022881
Козырная,2024-01-23,8273.673520951686
Козырная,2024-01-24,8263.049265117921
Козырная,2024-01-25,8285.35327128271
Козырная,2024-01-26,8131.544278422073
Козырная,2024-01-27,7821.154846565075
Козырная,2024-01-28,7413.409245037471
Козырная,2024-01-29,8090.761761197237
Козырная,2024-01-30,8218.69687894145
Козырная,2024-01-31,8290.3509919061
Козырная,2024-02-01,8387.776358844107
Козырная,2024-02-02,8298.804794341677
Козырная,2024-02-03,8040.470290406209
Козырная,2024-02-04,7670.171769815026
Козырная,2024-02-05,8369.233643641004
Козырная,2024-02-06,8502.7057401007
Козырная,2024-02-07,8563.963046506004
Козырная,2024-02-08,8635.927369328665
Козырная,2024-02-09,8507.87036830902
Козырная,2024-02-10,8198.759617095358
Козырная,2024-02-11,7768.331758571383
Козырная,2024-02-12,8400.553610253442
Козырная,2024-02-13,8463.31618398833
Козырная,2024-02-14,8452.925566451577
Козырная,2024-02-15,8455.216270687028
Козырная,2024-02-16,8262.249914926764
Козырная,2024-02-17,7895.564076499256
Козырная,2024-02-18,7417.158287034727
Козырная,2024-02-19,8012.880543714921
Козырная,2024-02-20,8052.061372614353
Козырная,2024-02-21,8031.960961072657
Козырная,2024-02-22,8038.856000307221
Козырная,2024-02-23,7864.729565259006
Козырная,2024-02-24,7530.528786113889
Козырная,2024-02-25,7097.176634017464
Козырная,2024-02-26,7749.000031529426
Козырная,2024-02-27,7853.419684609358
Козырная,2024-02-28,7905.465097838175
Козырная,2024-02-29,7988.939013715998
Козырная,2024-03-01,7893.191937783839
Козырная,2024-03-02,7636.468661133921
Козырная,2024-03-03,7277.010173429283
Козырная,2024-03-04,7996.570253814342
Козырная,2024-03-05,8160.189310369173
Козырная,2024-03-06,8260.786287670859
Козырная,2024-03-07,8380.390504686326
Козырная,2024-03-08,8306.972040434279
Козырная,2024-03-09,8057.830928201502
Козырная,2024-03-10,7690.7273404409425
Козырная,2024-03-11,8387.411312695258
Козырная,2024-03-12,8513.394327179054
Козырная,2024-03-13,8562.523816188372
Козырная,2024-03-14,8618.183165289465
Козырная,2024-03-15,8470.077000321917
Козырная,2024-03-16,8137.5635925497845
Козырная,2024-03-17,7680.718490565144
Козырная,2024-03-18,8283.790142291018
Козырная,2024-03-19,8314.892258433436
Козырная,2024-03-20,8270.496545290342
Козырная,2024-03-21,8236.551009635763
Козырная,2024-03-22,8005.186214225308
Козырная,2024-03-23,7597.973803342914
Козырная,2024-03-24,7076.923705539302
Козырная,2024-03-25,7627.882818169907
Козырная,2024-03-26,7620.181647268611
Козырная,2024-03-27,7551.093882414159
Козырная,2024-03-28,7506.935051160742
Козырная,2024-03-29,7279.7631374568955
Козырная,2024-03-30,6890.645540980556
Козырная,2024-03-31,6400.678395422172
Козырная,2024-04-01,6994.420230456591
Козырная,2024-04-02,7039.585229320886
Козырная,2024-04-03,7031.559479832909
Козырная,2024-04-04,7054.5644738394885
Козырная,2024-04-05,6898.428603883349
Козырная,2024-04-06,6581.928721394557
Козырная,2024-04-07,6163.885358869508
Козырная,2024-04-08,6826.671159128111
Козырная,2024-04-09,6935.975373012428
Козырная,2024-04-10,6985.38555898219
Козырная,2024-04-11,7057.608672086777
Козырная,2024-04-12,6941.290484599179
Козырная,2024-04-13,6654.393912638905
Козырная,2024-04-14,6255.318723220484
Козырная,2024-04-15,6926.421432382291
Козырная,2024-04-16,7033.777940234813
Козырная,2024-04-17,7071.750145685906
Козырная,2024-04-18,7124.179257130728
Козырная,2024-04-19,6981.165671284504
Козырная,2024-04-20,6662.397294435578
Козырная,2024-04-21,6228.210408236791
Козырная,2024-04-22,6863.043793493084
Козырная,2024-04-23,6935.1307749432835
Козырная,2024-04-24,6940.992693782817
Козырная,2024-04-25,6966.558863425983
Козырная,2024-04-26,6803.875221270964
Козырная,2024-04-27,6474.36581910707
Козырная,2024-04-28,6039.83337943696
Козырная,2024-04-29,6685.8615466520605
Козырная,2024-04-30,6781.4651424989315
Козырная,2024-05-01,6823.55325883476
Козырная,2024-05-02,6898.031208705794
Козырная,2024-05-03,6796.504123731068
Козырная,2024-05-04,6539.546508557418
Козырная,2024-05-05,6187.723736134966
Козырная,2024-05-06,6925.027466490581
Козырная,2024-05-07,7118.570270390371
Козырная,2024-05-08,7263.10291425622
Козырная,2024-05-09,7442.178646001802
Козырная,2024-05-10,7444.925336959841
Козырная,2024-05-11,7289.387667407948
Козырная,2024-05-12,7033.623092578453
Козырная,2024-05-13,7859.211271880228
Козырная,2024-05-14,8131.019961557825
Козырная,2024-05-15,8341.788636212928
Козырная,2024-05-16,8573.352146101948
Козырная,2024-05-17,8613.463454142635
Козырная,2024-05-18,8479.17610621453
Козырная,2024-05-19,8227.968962460638
Козырная,2024-05-20,9041.27202450593
Козырная,2024-05-21,9284.235898167874
Козырная,2024-05-22,9450.306096614177
Козырная,2024-05-23,9622.424831477681
Козырная,2024-05-24,9589.8200655712
Козырная,2024-05-25,9371.343575548452
Козырная,2024-05-26,9026.541976478944
Козырная,2024-05-27,9739.121251380491
Козырная,2024-05-28,9876.649262408579
Козырная,2024-05-29,9935.059553332763
Козырная,2024-05-30,9999.781295960223
Козырная,2024-05-31,9862.45738993212
Козырная,2024-06-01,9544.21465990248
Козырная,2024-06-02,9106.672188250104
Козырная,2024-06-03,9735.350237267608
Козырная,2024-06-04,9799.325913105353
Козырная,2024-06-05,9795.700268690678
Козырная,2024-06-06,9810.702754682823
Козырная,2024-06-07,9636.395720200893
Козырная,2024-06-08,9293.943214604684
Козырная,2024-06-09,8844.630041713217
Козырная,2024-06-10,9473.2930434822
Козырная,2024-06-11,9548.00991457136
Козырная,2024-06-12,9564.609048380706
Козырная,2024-06-13,9607.824820527454
Козырная,2024-06-14,9468.05925114101
Козырная,2024-06-15,9164.712336966291
Козырная,2024-06-16,8757.26490846832
Козырная,2024-06-17,9428.773825179727
Козырная,2024-06-18,9545.622650073137
Козырная,2024-06-19,9602.089216699354
Козырная,2024-06-20,9681.552550543573
Козырная,2024-06-21,9573.298347834088
Козырная,2024-06-22,9295.883828600352
Козырная,2024-06-23,8908.24465821001
Козырная,2024-06-24,9593.20294206649
Козырная,2024-06-25,9717.219006204243
Козырная,2024-06-26,9774.94834568847
Козырная,2024-06-27,9850.4265696555
Козырная,2024-06-28,9733.842302903196
Козырная,2024-06-29,9444.859984063107
Козырная,2024-06-30,9043.676709566444
Любимая,2024-01-01,3523.0495899182997
Любимая,2024-01-02,3727.703370689944
Любимая,2024-01-03,3894.359866795992
Любимая,2024-01-04,4075.6552126861543
Любимая,2024-01-05,4149.947304253501
Любимая,2024-01-06,4253.6628400262125
Любимая,2024-01-07,4311.897384369927
Любимая,2024-01-08,4425.569997177452
Любимая,2024-01-09,4494.468015403698
Любимая,2024-01-10,4525.985527124284
Любимая,2024-01-11,4575.1259955224405
Любимая,2024-01-12,4522.434637502183
Любимая,2024-01-13,4506.3041957990945
Любимая,2024-01-14,4453.540151797256
Любимая,2024-01-15,4466.487617725124
Любимая,2024-01-16,4446.055996695186
Любимая,2024-01-17,4400.445253259866
Любимая,2024-01-18,4385.144348069035
Любимая,2024-01-19,4280.867332495245
Любимая,2024-01-20,4225.870434359261
Любимая,2024-01-21,4146.535686609557
Любимая,2024-01-22,4144.522670699989
Любимая,2024-01-23,4119.823645029606
Любимая,2024-01-24,4079.5249558968153
Любимая,2024-01-25,4077.844239369322
Любимая,2024-01-26,3994.1077941366584
Любимая,2024-01-27,3965.1103009308927
Любимая,2024-01-28,3915.7412764820892
Любимая,2024-01-29,3946.1786927370017
Любимая,2024-01-30,3954.9839436294
Любимая,2024-01-31,3947.9000499269423
Любимая,2024-02-01,3977.9217103403744
Любимая,2024-02-02,3923.3008077119275
Любимая,2024-02-03,3919.928921997215
Любимая,2024-02-04,3891.980775601867
Любимая,2024-02-05,3939.1187503210467
Любимая,2024-02-06,3959.592542220441
Любимая,2024-02-07,3959.0359042970204
Любимая,2024-02-08,3990.5293145600863
Любимая,2024-02-09,3932.592568246759
Любимая,2024-02-10,3921.5493822042313
Любимая,2024-02-11,3882.1486019204017
Любимая,2024-02-12,3914.742922824084
Любимая,2024-02-13,3918.360048275314
Любимая,2024-02-14,3899.469148111933
Любимая,2024-02-15,3912.0124004570025
Любимая,2024-02-16,3835.3665642013175
Любимая,2024-02-17,3806.6775955251137
Любимая,2024-02-18,3751.453774916437
Любимая,2024-02-19,3770.719058845365
Любимая,2024-02-20,3764.0622858693455
Любимая,2024-02-21,3738.3856946372207
Любимая,2024-02-22,3747.923001170041
Любимая,2024-02-23,3672.1923074280503
Любимая,2024-02-24,3648.3270319352923
Любимая,2024-02-25,3601.670356479108
Любимая,2024-02-26,3632.9347822901823
Любимая,2024-02-27,3641.2621622924257
Любимая,2024-02-28,3632.9872710536747
Любимая,2024-02-29,3661.674644872681
Любимая,2024-03-01,3606.0933466486886
Любимая,2024-03-02,3602.5721460235263
Любимая,2024-03-03,3575.619847129753
Любимая,2024-03-04,3625.1115573490515
Любимая,2024-03-05,3649.375449162276
Любимая,2024-03-06,3653.9822716727504
Любимая,2024-03-07,3691.806571961603
Любимая,2024-03-08,3641.0235635441977
Любимая,2024-03-09,3637.483490145717
Любимая,2024-03-10,3605.3476677414637
Любимая,2024-03-11,3644.286556648334
Любимая,2024-03-12,3652.5740934492505
Любимая,2024-03-13,3635.8803443180486
Любимая,2024-03-14,3647.331376340774
Любимая,2024-03-15,3565.5003523094865
Любимая,2024-03-16,3526.771893665017
Любимая,2024-03-17,3455.964212044862
Любимая,2024-03-18,3453.5097892112635
Любимая,2024-03-19,3418.5293598796943
Любимая,2024-03-20,3357.601864199398
Любимая,2024-03-21,3324.7999336686025
Любимая,2024-03-22,3199.6556250828125
Любимая,2024-03-23,3119.4991772495196
Любимая,2024-03-24,3010.056020595199
Любимая,2024-03-25,2972.603527558188
Любимая,2024-03-26,2907.0229247095003
Любимая,2024-03-27,2820.549639287465
Любимая,2024-03-28,2767.7921726104687
Любимая,2024-03-29,2628.6846520751114
Любимая,2024-03-30,2540.816170514636
Любимая,2024-03-31,2430.022365644602
Любимая,2024-04-01,2397.5408336524038
Любимая,2024-04-02,2343.0657859928274
Любимая,2024-04-03,2273.5050940332453
Любимая,2024-04-04,2243.009575012791
Любимая,2024-04-05,2130.939329427752
Любимая,2024-04-06,2074.209805686022
Любимая,2024-04-07,1997.9025341976612
Любимая,2024-04-08,2002.4415526166517
Любимая,2024-04-09,1986.6703145476404
Любимая,2024-04-10,1956.631583673768
Любимая,2024-04-11,1965.6195170833178
Любимая,2024-04-12,1892.1681101296856
Любимая,2024-04-13,1872.4180710503601
Любимая,2024-04-14,1830.7465072328769
Любимая,2024-04-15,1866.9599473530582
Любимая,2024-04-16,1879.385070502292
Любимая,2024-04-17,1873.6593103208872
Любимая,2024-04-18,1902.790299554974
Любимая,2024-04-19,1845.1481899406447
Любимая,2024-04-20,1836.8328814629951
Любимая,2024-04-21,1802.3006111983789
Любимая,2024-04-22,1841.5505930124127
Любимая,2024-04-23,1853.2063384157468
Любимая,2024-04-24,1843.294168651866
Любимая,2024-04-25,1865.2882968576184
Любимая,2024-04-26,1798.0869865047916
Любимая,2024-04-27,1778.3623343931108
Любимая,2024-04-28,1731.1686695389997
Любимая,2024-04-29,1757.11081074005
Любимая,2024-04-30,1755.4073584030298
Любимая,2024-05-01,1732.6520536552725
Любимая,2024-05-02,1742.8430689831991
Любимая,2024-05-03,1665.3451706441188
Любимая,2024-05-04,1637.2276717612654
Любимая,2024-05-05,1583.8634647244066
Любимая,2024-05-06,1606.0905920464656
Любимая,2024-05-07,1603.2716617265064
Любимая,2024-05-08,1582.0541823788476
Любимая,2024-05-09,1596.4016368036102
Любимая,2024-05-10,1525.560103928977
Любимая,2024-05-11,1506.4031385761095
Любимая,2024-05-12,1464.039916983857
Любимая,2024-05-13,1498.9877653220553
Любимая,2024-05-14,1510.243985745294
Любимая,2024-05-15,1504.0596272266403
Любимая,2024-05-16,1533.9845692147535
Любимая,2024-05-17,1478.848269233221
Любимая,2024-05-18,1475.118431289378
Любимая,2024-05-19,1447.5221707295736
Любимая,2024-05-20,1496.2303938747918
Любимая,2024-05-21,1519.9399534634713
Любимая,2024-05-22,1524.6559292844966
Любимая,2024-05-23,1563.7431683091295
Любимая,2024-05-24,1515.91127211697
Любимая,2024-05-25,1517.575199588859
Любимая,2024-05-26,1493.476047620562
Любимая,2024-05-27,1543.8627905368728
Любимая,2024-05-28,1567.5696736131122
Любимая,2024-05-29,1570.7918111230374
Любимая,2024-05-30,1607.1283834490018
Любимая,2024-05-31,1555.5579312763614
Любимая,2024-06-01,1552.7882643654584
Любимая,2024-06-02,1523.865924674939
Любимая,2024-06-03,1569.346376509813
Любимая,2024-06-04,1588.3600131883586
Любимая,2024-06-05,1587.3769140645109
Любимая,2024-06-06,1620.2401068950348
Любимая,2024-06-07,1566.1321596182122
Любимая,2024-06-08,1561.9179004962475
Любимая,2024-06-09,1532.7484345804432
Любимая,2024-06-10,1579.2277972198194
Любимая,2024-06-11,1600.4774371397943
Любимая,2024-06-12,1602.9014982088274
Любимая,2024-06-13,1640.2226218586975
Любимая,2024-06-14,1591.4529945929758
Любимая,2024-06-15,1593.2432770586665
Любимая,2024-06-16,1570.4943631379947
Любимая,2024-06-17,1623.5330408134782
Любимая,2024-06-18,1651.1864380546651
Любимая,2024-06-19,1659.557883577042
Любимая,2024-06-20,1702.0735464813904
Любимая,2024-06-21,1657.4642143130086
Любимая,2024-06-22,1662.1244861407113
Любимая,2024-06-23,1640.733985960959
Любимая,2024-06-24,1693.4413528431392
Любимая,2024-06-25,1718.9456136892563
Любимая,2024-06-26,1723.2773379103032
Любимая,2024-06-27,1759.8487616071911
Любимая,2024-06-28,1707.4371240324829
Любимая,2024-06-29,1702.5434394064036
Любимая,2024-06-30,1670.0113206056099
Модная,2024-01-01,2805.8623556127786
Модная,2024-01-02,2786.0119943341
Модная,2024-01-03,2781.1109041471054
Модная,2024-01-04,2742.341546520979
Модная,2024-01-05,2791.177783326449
Модная,2024-01-06,2745.858350409725
Модная,2024-01-07,2753.699468956236
Модная,2024-01-08,2682.9915464163214
Модная,2024-01-09,2693.0553398484108
Модная,2024-01-10,2720.3176689715565
Модная,2024-01-11,2714.8033250885464
Модная,2024-01-12,2796.842624765885
Модная,2024-01-13,2783.5778083928094
Модная,2024-01-14,2821.306586882368
Модная,2024-01-15,2777.4069247489297
Модная,2024-01-16,2810.417659898356
Модная,2024-01-17,2856.134387295333
Модная,2024-01-18,2864.116722927364
Модная,2024-01-19,2954.406011725468
Модная,2024-01-20,2944.0364487750676
Модная,2024-01-21,2979.3778461055244
Модная,2024-01-22,2928.0542229297203
Модная,2024-01-23,2949.0130660530153
Модная,2024-01-24,2978.605082427939
Модная,2024-01-25,2967.071090944111
Модная,2024-01-26,3035.235767269818
Модная,2024-01-27,3000.99196098052
Модная,2024-01-28,3011.6146444312203
Модная,2024-01-29,2935.64955109907
Модная,2024-01-30,2932.9522567120443
Модная,2024-01-31,2940.7384319109096
Модная,2024-02-01,2910.0427940692675
Модная,2024-02-02,2962.387300892615
Модная,2024-02-03,2916.24305824835
Модная,2024-02-04,2919.325657807642
Модная,2024-02-05,2840.4695426286708
Модная,2024-02-06,2839.6575635958393
Модная,2024-02-07,2854.0667229528526
Модная,2024-02-08,2834.5277509011803
Модная,2024-02-09,2902.199024344418
Модная,2024-02-10,2875.0391165378082
Модная,2024-02-11,2900.1173654182276
Модная,2024-02-12,2845.5075970528396
Модная,2024-02-13,2870.340585571411
Модная,2024-02-14,2910.8755618832365
Модная,2024-02-15,2916.987651147981
Модная,2024-02-16,3008.8709226663495
Модная,2024-02-17,3003.5404803412785
Модная,2024-02-18,3047.1721108507154
Модная,2024-02-19,3007.023770639659
Модная,2024-02-20,3041.5136778351225
Модная,2024-02-21,3086.3145697017835
Модная,2024-02-22,3090.8603390568182
Модная,2024-02-23,3175.06417087709
Модная,2024-02-24,3155.8311648581184
Модная,2024-02-25,3179.403651047367
Модная,2024-02-26,3113.2833105130017
Модная,2024-02-27,3116.3048432419027
Модная,2024-02-28,3124.720865362091
Модная,2024-02-29,3088.6945119501797
Модная,2024-03-01,3128.9992627565566
Модная,2024-03-02,3063.5094940667504
Модная,2024-03-03,3039.52058731042
Модная,2024-03-04,2925.6434175666686
Модная,2024-03-05,2881.848742306279
Модная,2024-03-06,2845.5219949866396
Модная,2024-03-07,2767.9258029338926
Модная,2024-03-08,2770.8705864722997
Модная,2024-03-09,2673.177554603624
Модная,2024-03-10,2622.9736893972845
Модная,2024-03-11,2489.564231745626
Модная,2024-03-12,2433.4587870522732
Модная,2024-03-13,2392.4120458779366
Модная,2024-03-14,2317.8768082427487
Модная,2024-03-15,2331.6699068910493
Модная,2024-03-16,2252.435446317711
Модная,2024-03-17,2227.9449123737927
Модная,2024-03-18,2126.9794909580096
Модная,2024-03-19,2109.3704093361544
Модная,2024-03-20,2112.0578689007493
Модная,2024-03-21,2085.565723689823
Модная,2024-03-22,2150.691873549951
Модная,2024-03-23,2124.9980888686064
Модная,2024-03-24,2155.13806892287
Модная,2024-03-25,2108.7682886421235
Модная,2024-03-26,2144.6166553028334
Модная,2024-03-27,2198.5687663148246
Модная,2024-03-28,2220.1681812462675
Модная,2024-03-29,2329.3299930883795
Модная,2024-03-30,2342.850808125001
Модная,2024-03-31,2406.7534218200926
Модная,2024-04-01,2388.2103376171594
Модная,2024-04-02,2445.620859561209
Модная,2024-04-03,2514.7013836683586
Модная,2024-04-04,2544.985262731434
Модная,2024-04-05,2656.5316185474726
Модная,2024-04-06,2666.426423310549
Модная,2024-04-07,2721.1144657833993
Модная,2024-04-08,2688.3067822794455
Модная,2024-04-09,2727.0388076088993
Модная,2024-04-10,2773.7394699342613
Модная,2024-04-11,2778.7082596317255
Модная,2024-04-12,2862.8003381680355
Модная,2024-04-13,2843.9037166474664
Модная,2024-04-14,2869.247822549762
Модная,2024-04-15,2807.2887120174505
Модная,2024-04-16,2817.746815014154
Модная,2024-04-17,2837.6580062393937
Модная,2024-04-18,2817.8355216630357
Модная,2024-04-19,2879.543183738627
Модная,2024-04-20,2840.964258740505
Модная,2024-04-21,2849.505447809631
Модная,2024-04-22,2773.6813373583773
Модная,2024-04-23,2773.155149039413
Модная,2024-04-24,2784.7964224675457
Модная,2024-04-25,2759.152884397932
Модная,2024-04-26,2817.136604038512
Модная,2024-04-27,2776.5083093772837
Модная,2024-04-28,2784.198846801569
Модная,2024-04-29,2708.212536030037
Модная,2024-04-30,2707.6876504636134
Модная,2024-05-01,2718.9740283637993
Модная,2024-05-02,2692.1244421829224
Модная,2024-05-03,2747.5992196496636
Модная,2024-05-04,2702.767423752165
Модная,2024-05-05,2704.2430612732064
Модная,2024-05-06,2619.8006292584037
Модная,2024-05-07,2608.44486957131
Модная,2024-05-08,2606.4944696882367
Модная,2024-05-09,2564.0761696855807
Модная,2024-05-10,2601.828705583325
Модная,2024-05-11,2537.399937615224
Модная,2024-05-12,2517.7757770760113
Модная,2024-05-13,2411.1854623792265
Модная,2024-05-14,2377.1583847334578
Модная,2024-05-15,2352.5926100382912
Модная,2024-05-16,2288.2320304642944
Модная,2024-05-17,2305.3520995531494
Модная,2024-05-18,2222.2380568999456
Модная,2024-05-19,2186.494830205496
Модная,2024-05-20,2066.933738605102
Модная,2024-05-21,2023.6117527393994
Модная,2024-05-22,1993.8839784252693
Модная,2024-05-23,1928.8667674401806
Модная,2024-05-24,1950.1118153742675
Модная,2024-05-25,1876.0754831629756
Модная,2024-05-26,1854.4227758271784
Модная,2024-05-27,1753.9112566781837
Модная,2024-05-28,1734.4307117177127
Модная,2024-05-29,1733.0591944399316
Модная,2024-05-30,1700.5327241571752
Модная,2024-05-31,1757.9287786118352
Модная,2024-06-01,1723.147517155754
Модная,2024-06-02,1743.2297965581688
Модная,2024-06-03,1686.2568272174667
Модная,2024-06-04,1711.4068087764676
Модная,2024-06-05,1755.0286693869693
Модная,2024-06-06,1767.129661334885
Модная,2024-06-07,1868.076434980664
Модная,2024-06-08,1875.093025895889
Модная,2024-06-09,1934.5943484017737
Модная,2024-06-10,1914.09962086536
Модная,2024-06-11,1972.3006981268602
Модная,2024-06-12,2045.1451408114517
Модная,2024-06-13,2082.3305569916993
Модная,2024-06-14,2204.0097037091955
Модная,2024-06-15,2227.289734561565
Модная,2024-06-16,2298.5642238251526
Модная,2024-06-17,2285.422513209127
Модная,2024-06-18,2346.7115557034676
Модная,2024-06-19,2418.6103562278754
Модная,2024-06-20,2451.113875644878
Модная,2024-06-21,2564.7262664282653
Модная,2024-06-22,2576.9472436482106
Модная,2024-06-23,2634.5906619067914
Модная,2024-06-24,2605.6802926093706
Модная,2024-06-25,2649.4984177842825
Модная,2024-06-26,2702.647761041558
Модная,2024-06-27,2715.524008803522
Модная,2024-06-28,2808.9991300750953
Модная,2024-06-29,2800.8995812485928
Модная,2024-06-30,2838.318683618921
Моя,2024-01-01,1906.849768945512
Моя,2024-01-02,1982.5458280515727
Моя,2024-01-03,2027.620548935044
Моя,2024-01-04,2070.101022288402
Моя,2024-01-05,2094.7976356129934
Моя,2024-01-06,2148.240174929028
Моя,2024-01-07,2176.9516294254922
Моя,2024-01-08,2176.2502099476146
Моя,2024-01-09,2216.1082576820318
Моя,2024-01-10,2225.351471614648
Моя,2024-01-11,2232.5957237149423
Моя,2024-01-12,2223.199040548847
Моя,2024-01-13,2244.188039180166
Моя,2024-01-14,2242.5235127542123
Моя,2024-01-15,2213.8958257243016
Моя,2024-01-16,2228.5789023000907
Моя,2024-01-17,2215.626300291169
Моя,2024-01-18,2203.8066586334453
Моя,2024-01-19,2178.5560728692562
Моя,2024-01-20,2186.9066198396818
Моя,2024-01-21,2175.7556208528285
Моя,2024-01-22,2140.6661612238904
Моя,2024-01-23,2151.727476214424
Моя,2024-01-24,2137.7584956524843
Моя,2024-01-25,2127.2516150226047
Моя,2024-01-26,2105.334012304888
Моя,2024-01-27,2118.7054887126296
Моя,2024-01-28,2113.9171777818988
Моя,2024-01-29,2086.1814005262145
Моя,2024-01-30,2105.241047170769
Моя,2024-01-31,2099.581564532593
Моя,2024-02-01,2097.382424968724
Моя,2024-02-02,2083.485230024419
Моя,2024-02-03,2104.3372900758736
Моя,2024-02-04,2106.274919571663
Моя,2024-02-05,2084.3366545236527
Моя,2024-02-06,2108.1347363317477
Моя,2024-02-07,2106.067939097008
Моя,2024-02-08,2106.272647923911
Моя,2024-02-09,2093.5894045055247
Моя,2024-02-10,2114.5038533290576
Моя,2024-02-11,2115.426445618821
Моя,2024-02-12,2091.501246648055
Моя,2024-02-13,2112.4723464724893
Моя,2024-02-14,2106.8911193936387
Моя,2024-02-15,2103.0614149838734
Моя,2024-02-16,2086.0000744213457
Моя,2024-02-17,2102.3718800973957
Моя,2024-02-18,2098.7634626636373
Моя,2024-02-19,2070.4866662626864
Моя,2024-02-20,2087.4400112399594
Моя,2024-02-21,2078.3116196930937
Моя,2024-02-22,2071.520784822892
Моя,2024-02-23,2052.1756520658687
Моя,2024-02-24,2067.00616902374
Моя,2024-02-25,2062.636851743328
Моя,2024-02-26,2034.3898660354337
Моя,2024-02-27,2052.147036615919
Моя,2024-02-28,2044.554100064353
Моя,2024-02-29,2039.9643126218286
Моя,2024-03-01,2023.3987930252438
Моя,2024-03-02,2041.4826549803786
Моя,2024-03-03,2040.7213632871028
Моя,2024-03-04,2016.3076913648756
Моя,2024-03-05,2037.9877684415299
Моя,2024-03-06,2034.2694080948363
Моя,2024-03-07,2033.3697087392716
Моя,2024-03-08,2020.1791931341131
Моя,2024-03-09,2041.2014387882023
Моя,2024-03-10,2042.8325436208386
Моя,2024-03-11,2020.1707302396858
Моя,2024-03-12,2042.8845196278621
Моя,2024-03-13,2039.4226264694794
Моя,2024-03-14,2037.962545747033
Моя,2024-03-15,2023.3750951476677
Моя,2024-03-16,2042.1638803874569
Моя,2024-03-17,2040.744059633295
Моя,2024-03-18,2014.2507571514964
Моя,2024-03-19,2032.4056166181037
Моя,2024-03-20,2023.7247164443816
Моя,2024-03-21,2016.4648947203848
Моя,2024-03-22,1995.585831317789
Моя,2024-03-23,2007.6869394386686
Моя,2024-03-24,1999.2835273108801
Моя,2024-03-25,1965.6126612934102
Моя,2024-03-26,1976.4972960749199
Моя,2024-03-27,1960.5519614361274
Моя,2024-03-28,1946.1271102776075
Моя,2024-03-29,1918.2695210391637
Моя,2024-03-30,1923.6578398067927
Моя,2024-03-31,1908.8777426392799
Моя,2024-04-01,1869.2271558947104
Моя,2024-04-02,1874.5800937640083
Моя,2024-04-03,1853.5923837744708
Моя,2024-04-04,1834.6463551798647
Моя,2024-04-05,1802.811844018787
Моя,2024-04-06,1804.78255303409
Моя,2024-04-07,1787.1521941507042
Моя,2024-04-08,1745.2207949121662
Моя,2024-04-09,1748.8596703993421
Моя,2024-04-10,1726.7182746621595
Моя,2024-04-11,1707.1699529515834
Моя,2024-04-12,1675.2739000149845
Моя,2024-04-13,1677.7123210069672
Моя,2024-04-14,1661.0671894533618
Моя,2024-04-15,1620.6269599262287
Моя,2024-04-16,1626.251723538059
Моя,2024-04-17,1606.5800175658796
Моя,2024-04-18,1589.974318474509
Моя,2024-04-19,1561.4825418580322
Моя,2024-04-20,1567.7745735967735
Моя,2024-04-21,1555.418262745172
Моя,2024-04-22,1519.6852767653877
Моя,2024-04-23,1530.4153553326084
Моя,2024-04-24,1516.2222253894329
Моя,2024-04-25,1505.4382592967825
Моя,2024-04-26,1483.0752512901136
Моя,2024-04-27,1495.7603852704367
Моя,2024-04-28,1490.0118682211776
Моя,2024-04-29,1461.0446668807856
Моя,2024-04-30,1478.6349125343152
Моя,2024-05-01,1471.3262555690376
Моя,2024-05-02,1467.3752599424035
Моя,2024-05-03,1451.713209812994
Моя,2024-05-04,1470.8833869133414
Моя,2024-05-05,1471.3182672194805
Моя,2024-05-06,1448.1470381002987
Моя,2024-05-07,1471.0619546475345
Моя,2024-05-08,1468.526762281729
Моя,2024-05-09,1468.7242145060916
Моя,2024-05-10,1456.5199919753286
Моя,2024-05-11,1478.4020126967696
Моя,2024-05-12,1480.7595127366228
Моя,2024-05-13,1458.6922313434022
Моя,2024-05-14,1481.878156134084
Моя,2024-05-15,1478.7829988224798
Моя,2024-05-16,1477.608382241767
Моя,2024-05-17,1463.2560070220077
Моя,2024-05-18,1482.2667617707698
Моя,2024-05-19,1481.0991431688856
Моя,2024-05-20,1454.937320714719
Моя,2024-05-21,1473.5573167134844
Моя,2024-05-22,1465.53450097791
Моя,2024-05-23,1459.1894234678223
Моя,2024-05-24,1439.5493082122255
Моя,2024-05-25,1453.2842384603296
Моя,2024-05-26,1446.9824749112809
Моя,2024-05-27,1415.9553244399074
Моя,2024-05-28,1430.1001174897797
Моя,2024-05-29,1418.1045835018274
Моя,2024-05-30,1408.3897371734565
Моя,2024-05-31,1386.0686854117148
Моя,2024-06-01,1397.880465742899
Моя,2024-06-02,1390.4634306074647
Моя,2024-06-03,1359.1586569881908
Моя,2024-06-04,1373.8719889787842
Моя,2024-06-05,1363.2780378309565
Моя,2024-06-06,1355.7632718914203
Моя,2024-06-07,1336.3856095317165
Моя,2024-06-08,1351.8096123478479
Моя,2024-06-09,1348.5817630010433
Моя,2024-06-10,1321.9362611672059
Моя,2024-06-11,1341.6598844270827
Моя,2024-06-12,1336.299164667443
Моя,2024-06-13,1334.1069272295058
Моя,2024-06-14,1320.0055118987443
Моя,2024-06-15,1340.5256728043976
Моя,2024-06-16,1342.0855380620983
Моя,2024-06-17,1319.7999587357199
Моя,2024-06-18,1343.3486927462707
Моя,2024-06-19,1341.1865787429049
Моя,2024-06-20,1341.4926601182142
Моя,2024-06-21,1329.1355023102165
Моя,2024-06-22,1350.6136379172938
Моя,2024-06-23,1352.3354732601201
Моя,2024-06-24,1329.428955595057
Моя,2024-06-25,1351.6094340730915
Моя,2024-06-26,1347.3888752491116
Моя,2024-06-27,1345.0234173912302
Моя,2024-06-28,1329.4765484842674
Моя,2024-06-29,1347.3569007858382
Моя,2024-06-30,1345.1950688704912
Новая,2024-01-01,2075.034080016272
Новая,2024-01-02,2168.7645014277523
Новая,2024-01-03,2267.6606738303944
Новая,2024-01-04,2359.827344609682
Новая,2024-01-05,2410.341492818902
Новая,2024-01-06,2487.4996161405397
Новая,2024-01-07,2522.4585610935565
Новая,2024-01-08,2561.603002541939
Новая,2024-01-09,2597.560057397265
Новая,2024-01-10,2637.668190015043
Новая,2024-01-11,2671.130175733879
Новая,2024-01-12,2664.065837853268
Новая,2024-01-13,2685.7377022799265
Новая,2024-01-14,2668.172610783447
Новая,2024-01-15,2658.5128338056334
Новая,2024-01-16,2650.0175229200795
Новая,2024-01-17,2650.5219274586425
Новая,2024-01-18,2649.5843144964724
Новая,2024-01-19,2613.5363824721526
Новая,2024-01-20,2611.7102890387496
Новая,2024-01-21,2576.0652136619356
Новая,2024-01-22,2553.5467830929915
Новая,2024-01-23,2537.0999014837994
Новая,2024-01-24,2534.1420349191894
Новая,2024-01-25,2533.726449515029
Новая,2024-01-26,2501.6107007665337
Новая,2024-01-27,2506.5029636793024
Новая,2024-01-28,2479.7085696238805
Новая,2024-01-29,2467.5095154229025
Новая,2024-01-30,2462.1969312840374
Новая,2024-01-31,2470.5630248109696
Новая,2024-02-01,2481.0815046617154
Новая,2024-02-02,2458.991336103062
Новая,2024-02-03,2472.556034343369
Новая,2024-02-04,2452.7205495170488
Новая,2024-02-05,2445.498276052513
Новая,2024-02-06,2443.0080249439534
Новая,2024-02-07,2451.9674157323907
Новая,2024-02-08,2460.8717194914793
Новая,2024-02-09,2435.073118955661
Новая,2024-02-10,2443.0327873262386
Новая,2024-02-11,2415.968110404489
Новая,2024-02-12,2400.227921969865
Новая,2024-02-13,2388.3159840473563
Новая,2024-02-14,2387.369605959337
Новая,2024-02-15,2386.322901440021
Новая,2024-02-16,2350.9701349860916
Новая,2024-02-17,2350.202046915955
Новая,2024-02-18,2315.637958492327
Новая,2024-02-19,2293.986978876532
Новая,2024-02-20,2278.058959723441
Новая,2024-02-21,2275.232456216022
Новая,2024-02-22,2274.609499360608
Новая,2024-02-23,2242.072868644501
Новая,2024-02-24,2246.518918551907
Новая,2024-02-25,2219.4888463712805
Новая,2024-02-26,2207.5317293701196
Новая,2024-02-27,2203.2199042292114
Новая,2024-02-28,2213.6237981763184
Новая,2024-02-29,2227.475795848261
Новая,2024-03-01,2210.2385457434557
Новая,2024-03-02,2230.350418922829
Новая,2024-03-03,2218.870621286308
Новая,2024-03-04,2221.8568677387534
Новая,2024-03-05,2231.3957501900777
Новая,2024-03-06,2254.09245970617
Новая,2024-03-07,2278.2490026826626
Новая,2024-03-08,2268.9458886368434
Новая,2024-03-09,2294.299606210072
Новая,2024-03-10,2285.1180341933978
Новая,2024-03-11,2287.2863930166764
Новая,2024-03-12,2292.803625931289
Новая,2024-03-13,2308.2756943803493
Новая,2024-03-14,2322.094823252648
Новая,2024-03-15,2299.519643741096
Новая,2024-03-16,2308.92859532011
Новая,2024-03-17,2281.468851694523
Новая,2024-03-18,2263.4335635620337
Новая,2024-03-19,2247.2875584128105
Новая,2024-03-20,2240.1482889017466
Новая,2024-03-21,2230.9514194547232
Новая,2024-03-22,2185.516389288379
Новая,2024-03-23,2172.7847288839052
Новая,2024-03-24,2124.4538233116045
Новая,2024-03-25,2087.339344395325
Новая,2024-03-26,2054.3869093938806
Новая,2024-03-27,2033.1401515598734
Новая,2024-03-28,2012.8949512666306
Новая,2024-03-29,1959.7554800144915
Новая,2024-03-30,1942.865094832684
Новая,2024-03-31,1894.0349761276123
Новая,2024-04-01,1860.1038644340101
Новая,2024-04-02,1833.9495175747165
Новая,2024-04-03,1822.959066365984
Новая,2024-04-04,1816.1879399023887
Новая,2024-04-05,1779.422867281913
Новая,2024-04-06,1781.4217846210272
Новая,2024-04-07,1753.5532748625626
Новая,2024-04-08,1742.1685813578733
Новая,2024-04-09,1739.6264626066752
Новая,2024-04-10,1752.7776828897458
Новая,2024-04-11,1770.1384082789418
Новая,2024-04-12,1756.967606764707
Новая,2024-04-13,1781.5208783402022
Новая,2024-04-14,1774.7029561098216
Новая,2024-04-15,1782.4515604288515
Новая,2024-04-16,1796.7725519952346
Новая,2024-04-17,1824.2329035521202
Новая,2024-04-18,1853.1405384972138
Новая,2024-04-19,1848.6259737281948
Новая,2024-04-20,1878.8980950677133
Новая,2024-04-21,1874.8962750307408
Новая,2024-04-22,1882.6715501833608
Новая,2024-04-23,1894.4169042615908
Новая,2024-04-24,1916.9533385503826
Новая,2024-04-25,1938.900996129428
Новая,2024-04-26,1925.7505453692424
Новая,2024-04-27,1946.1074607398677
Новая,2024-04-28,1931.3317528623484
Новая,2024-04-29,1927.9062296017412
Новая,2024-04-30,1928.453710677168
Новая,2024-05-01,1940.2102544886816
Новая,2024-05-02,1952.1840310454393
Новая,2024-05-03,1930.215393323379
Новая,2024-05-04,1943.2111019681897
Новая,2024-05-05,1922.7755332344561
Новая,2024-05-06,1915.572183426233
Новая,2024-05-07,1914.3360710769068
Новая,2024-05-08,1926.3442169907505
Новая,2024-05-09,1940.5738971650405
Новая,2024-05-10,1922.764220571658
Новая,2024-05-11,1941.6539254617537
Новая,2024-05-12,1928.6181042524868
Новая,2024-05-13,1930.0369958260962
Новая,2024-05-14,1938.3172229447562
Новая,2024-05-15,1960.3723891313161
Новая,2024-05-16,1984.792430020084
Новая,2024-05-17,1976.91694580455
Новая,2024-05-18,2005.0850672797576
Новая,2024-05-19,2000.28421846314
Новая,2024-05-20,2008.530571572333
Новая,2024-05-21,2021.9012427822447
Новая,2024-05-22,2047.0248368169862
Новая,2024-05-23,2072.2594605509184
Новая,2024-05-24,2062.77319634411
Новая,2024-05-25,2086.7993969215413
Новая,2024-05-26,2075.2890241940627
Новая,2024-05-27,2074.292740744779
Новая,2024-05-28,2075.992770710843
Новая,2024-05-29,2087.191162028758
Новая,2024-05-30,2096.4836483679883
Новая,2024-05-31,2069.3342309890118
Новая,2024-06-01,2074.3230188734265
Новая,2024-06-02,2042.7897674911874
Новая,2024-06-03,2021.2060776124522
Новая,2024-06-04,2002.1965506790389
Новая,2024-06-05,1993.0158313229877
Новая,2024-06-06,1982.7110441204875
Новая,2024-06-07,1937.1850548737395
Новая,2024-06-08,1925.4333973831965
Новая,2024-06-09,1879.1775928461468
Новая,2024-06-10,1845.2280864302534
Новая,2024-06-11,1816.4973300451559
Новая,2024-06-12,1800.470137797975
Новая,2024-06-13,1786.3609756635954
Новая,2024-06-14,1740.1737251090365
Новая,2024-06-15,1730.9368238771342
Новая,2024-06-16,1690.3365253253583
Новая,2024-06-17,1665.0814677372696
Новая,2024-06-18,1647.9190040822764
Новая,2024-06-19,1646.1102979636842
Новая,2024-06-20,1648.593688741475
Новая,2024-06-21,1621.0516746002322
Новая,2024-06-22,1632.1541995856428
Новая,2024-06-23,1613.2007494423056
Новая,2024-06-24,1610.494198948309
Новая,2024-06-25,1616.3666077647426
Новая,2024-06-26,1637.663719707
Новая,2024-06-27,1662.9174273263131
Новая,2024-06-28,1657.4213258310606
Новая,2024-06-29,1689.4818399669132
Новая,2024-06-30,1690.0672537501855
Старая,2024-01-01,2619.467646664159
Старая,2024-01-02,2747.9919550206514
Старая,2024-01-03,2820.9161706914247
Старая,2024-01-04,2910.0343453743535
Старая,2024-01-05,2942.3882110259947
Старая,2024-01-06,3019.6193774669496
Старая,2024-01-07,3038.869878937622
Старая,2024-01-08,3079.121040760662
Старая,2024-01-09,3145.322177765863
Старая,2024-01-10,3155.4604319187993
Старая,2024-01-11,3182.34991636459
Старая,2024-01-12,3153.991338523202
Старая,2024-01-13,3172.907288615343
Старая,2024-01-14,3137.02813587352
Старая,2024-01-15,3126.0187810814773
Старая,2024-01-16,3145.397987651876
Старая,2024-01-17,3113.601738224115
Старая,2024-01-18,3103.7688502740316
Старая,2024-01-19,3044.1000160988224
Старая,2024-01-20,3037.1953742939604
Старая,2024-01-21,2980.94540714478
Старая,2024-01-22,2954.8652012918487
Старая,2024-01-23,2964.22352585526
Старая,2024-01-24,2927.1178582648945
Старая,2024-01-25,2916.273235062965
Старая,2024-01-26,2859.415707366862
Старая,2024-01-27,2858.625103657448
Старая,2024-01-28,2811.241482039095
Старая,2024-01-29,2796.214900195971
Старая,2024-01-30,2818.249561900736
Старая,2024-01-31,2794.8930989007704
Старая,2024-02-01,2798.348527186835
Старая,2024-02-02,2755.8593604112125
Старая,2024-02-03,2769.072334443207
Старая,2024-02-04,2734.9519302219205
Старая,2024-02-05,2732.1361857198726
Старая,2024-02-06,2765.084778257122
Старая,2024-02-07,2751.1701187130075
Старая,2024-02-08,2762.4890385618987
Старая,2024-02-09,2726.2456508809523
Старая,2024-02-10,2744.109989896506
Старая,2024-02-11,2713.12681339596
Старая,2024-02-12,2712.0642957637024
Старая,2024-02-13,2745.5538618451733
Старая,2024-02-14,2731.1721956517263
Старая,2024-02-15,2741.2433118280437
Старая,2024-02-16,2703.211583328536
Старая,2024-02-17,2718.9906383385423
Старая,2024-02-18,2685.8628065273033
Старая,2024-02-19,2682.8191171787994
Старая,2024-02-20,2714.6913456700527
Старая,2024-02-21,2699.2273535641993
Старая,2024-02-22,2708.887781079032
Старая,2024-02-23,2671.21511176029
Старая,2024-02-24,2688.1801015947785
Старая,2024-02-25,2657.0802834636515
Старая,2024-02-26,2656.880532082339
Старая,2024-02-27,2692.347121958671
Старая,2024-02-28,2681.1264161151043
Старая,2024-02-29,2695.546097499696
Старая,2024-03-01,2662.9897820699593
Старая,2024-03-02,2685.249797211911
Старая,2024-03-03,2659.432607056198
Старая,2024-03-04,2664.3066272333854
Старая,2024-03-05,2704.4436134819366
Старая,2024-03-06,2697.3045160295173
Старая,2024-03-07,2715.0474757312413
Старая,2024-03-08,2684.9085820847067
Старая,2024-03-09,2708.5599815438745
Старая,2024-03-10,2683.0196517998183
Старая,2024-03-11,2687.002452783562
Старая,2024-03-12,2725.0635447430777
Старая,2024-03-13,2714.6850114204335
Старая,2024-03-14,2728.083351723773
Старая,2024-03-15,2692.5884886097747
Старая,2024-03-16,2709.9989519711726
Старая,2024-03-17,2677.487656722635
Старая,2024-03-18,2673.948025795497
Старая,2024-03-19,2704.1317160328836
Старая,2024-03-20,2685.728975753627
Старая,2024-03-21,2691.1695050137623
Старая,2024-03-22,2647.994685071938
Старая,2024-03-23,2658.2060548556688
Старая,2024-03-24,2619.164672844956
Старая,2024-03-25,2609.9313206720403
Старая,2024-03-26,2635.3989959607743
Старая,2024-03-27,2613.368889769607
Старая,2024-03-28,2616.3478582046832
Старая,2024-03-29,2571.9183609848824
Старая,2024-03-30,2582.085815578556
Старая,2024-03-31,2544.1780386302994
Старая,2024-04-01,2537.186725875768
Старая,2024-04-02,2565.9023748663944
Старая,2024-04-03,2547.9937660604915
Старая,2024-04-04,2555.8098980471655
Старая,2024-04-05,2516.7552055671
Старая,2024-04-06,2532.642839102442
Старая,2024-04-07,2500.6004875528956
Старая,2024-04-08,2499.4184906413516
Старая,2024-04-09,2533.6914328742464
Старая,2024-04-10,2520.9041208431836
Старая,2024-04-11,2533.2396312621304
Старая,2024-04-12,2497.960061941759
Старая,2024-04-13,2516.7645860459006
Старая,2024-04-14,2486.6991363310112
Старая,2024-04-15,2486.5073396249563
Старая,2024-04-16,2520.7737993941387
Старая,2024-04-17,2507.0105695584525
Старая,2024-04-18,2517.4644855596034
Старая,2024-04-19,2479.496001457086
Старая,2024-04-20,2494.934187501499
Старая,2024-04-21,2460.9823049406327
Старая,2024-04-22,2456.5637016294636
Старая,2024-04-23,2486.459279175961
Старая,2024-04-24,2468.387552604386
Старая,2024-04-25,2474.805165940184
Старая,2024-04-26,2433.278723471407
Старая,2024-04-27,2445.8328092943825
Старая,2024-04-28,2409.848830588702
Старая,2024-04-29,2404.404640753736
Старая,2024-04-30,2434.4063930545235
Старая,2024-05-01,2417.663826909616
Старая,2024-05-02,2426.687007014412
Старая,2024-05-03,2389.0555026203656
Старая,2024-05-04,2406.764973922505
Старая,2024-05-05,2377.1258591045785
Старая,2024-05-06,2379.1041381018613
Старая,2024-05-07,2417.455604687794
Старая,2024-05-08,2409.8047913602445
Старая,2024-05-09,2428.4464724703007
Старая,2024-05-10,2400.7206036965267
Старая,2024-05-11,2428.365504788036
Старая,2024-05-12,2408.4237928714037
Старая,2024-05-13,2419.5908352859624
Старая,2024-05-14,2466.356931612073
Старая,2024-05-15,2466.094139063591
Старая,2024-05-16,2490.8654347461948
Старая,2024-05-17,2467.8068461052753
Старая,2024-05-18,2498.487141544454
Старая,2024-05-19,2479.819391746517
Старая,2024-05-20,2490.4139978997355
Старая,2024-05-21,2534.7242528778543
Старая,2024-05-22,2530.1352393804223
Старая,2024-05-23,2548.773685154291
Старая,2024-05-24,2517.889372311035
Старая,2024-05-25,2539.2126986253793
Старая,2024-05-26,2509.862747453989
Старая,2024-05-27,2508.695547604413
Старая,2024-05-28,2540.443711058679
Старая,2024-05-29,2522.798407753452
Старая,2024-05-30,2528.2114817602
Старая,2024-05-31,2484.2685139491505
Старая,2024-06-01,2493.0376550820606
Старая,2024-06-02,2451.968823646738
Старая,2024-06-03,2440.233192347009
Старая,2024-06-04,2462.854391782522
Старая,2024-06-05,2437.782622421501
Старая,2024-06-06,2437.6896958357715
Старая,2024-06-07,2390.3360055301655
Старая,2024-06-08,2397.9144197169585
Старая,2024-06-09,2357.945827183002
Старая,2024-06-10,2349.616361639324
Старая,2024-06-11,2377.9077963965947
Старая,2024-06-12,2360.672323925202
Старая,2024-06-13,2370.4297242792472
Старая,2024-06-14,2334.7378658815883
Старая,2024-06-15,2355.541436017078
Старая,2024-06-16,2330.0735018048094
Старая,2024-06-17,2337.1997650297067
Старая,2024-06-18,2381.556813692776
Старая,2024-06-19,2380.6353742290794
Старая,2024-06-20,2406.5863421202703
Старая,2024-06-21,2386.600298847851
Старая,2024-06-22,2422.265174276442
Старая,2024-06-23,2410.476420898864
Старая,2024-06-24,2429.7893393566405
Старая,2024-06-25,2484.564650630701
Старая,2024-06-26,2492.058133498357
Старая,2024-06-27,2524.2319466824874
Старая,2024-06-28,2508.138216522212
Старая,2024-06-29,2545.279456545285
Старая,2024-06-30,2532.520129281738
Стильная,2024-01-01,793.6360373458987
Стильная,2024-01-02,855.1309998834001
Стильная,2024-01-03,903.5009367741363
Стильная,2024-01-04,973.8579492313856
Стильная,2024-01-05,991.078078323936
Стильная,2024-01-06,1027.818120507709
Стильная,2024-01-07,1017.9025679175526
Стильная,2024-01-08,1100.9260271119335
Стильная,2024-01-09,1143.2621065749565
Стильная,2024-01-10,1171.0608488505386
Стильная,2024-01-11,1219.762957275734
Стильная,2024-01-12,1214.5616054105026
Стильная,2024-01-13,1228.4150072831042
Стильная,2024-01-14,1195.4298506294192
Стильная,2024-01-15,1255.4609623298154
Стильная,2024-01-16,1275.1181897192191
Стильная,2024-01-17,1280.7625466060604
Стильная,2024-01-18,1308.0198287456053
Стильная,2024-01-19,1282.2424261606716
Стильная,2024-01-20,1276.5224372555358
Стильная,2024-01-21,1225.0761045156187
Стильная,2024-01-22,1267.8448527477653
Стильная,2024-01-23,1271.5038228046487
Стильная,2024-01-24,1262.459859643508
Стильная,2024-01-25,1276.3670732845171
Стильная,2024-01-26,1238.5906204069156
Стильная,2024-01-27,1222.2217407568828
Стильная,2024-01-28,1161.464008170149
Стильная,2024-01-29,1196.2360293646743
Стильная,2024-01-30,1193.1814487198656
Стильная,2024-01-31,1178.6681965852815
Стильная,2024-02-01,1188.3050916209554
Стильная,2024-02-02,1147.4064494030351
Стильная,2024-02-03,1129.0077473923684
Стильная,2024-02-04,1067.252331869904
Стильная,2024-02-05,1101.9944338174093
Стильная,2024-02-06,1099.8093916673988
Стильная,2024-02-07,1086.993061781951
Стильная,2024-02-08,1099.0785717183915
Стильная,2024-02-09,1061.3011119810562
Стильная,2024-02-10,1046.6138564861965
Стильная,2024-02-11,989.0750321075387
Стильная,2024-02-12,1028.4514318939414
Стильная,2024-02-13,1031.2292889229675
Стильная,2024-02-14,1023.6145010443662
Стильная,2024-02-15,1041.0503607133369
Стильная,2024-02-16,1008.6834742970985
Стильная,2024-02-17,999.3809395958567
Стильная,2024-02-18,947.1187709861892
Стильная,2024-02-19,991.586827473812
Стильная,2024-02-20,999.201114457396
Стильная,2024-02-21,996.1053982544706
Стильная,2024-02-22,1017.6902333868034
Стильная,2024-02-23,989.0600320555022
Стильная,2024-02-24,983.0511911297132
Стильная,2024-02-25,933.6212165194935
Стильная,2024-02-26,980.4540567673434
Стильная,2024-02-27,989.9724813635913
Стильная,2024-02-28,988.3394174902912
Стильная,2024-02-29,1010.9763312826103
Стильная,2024-03-01,983.02928165122
Стильная,2024-03-02,977.3856737983724
Стильная,2024-03-03,928.0616774770224
Стильная,2024-03-04,974.8055601058412
Стильная,2024-03-05,984.1078208199153
Стильная,2024-03-06,982.2001008088619
Стильная,2024-03-07,1004.5710270403516
Стильная,2024-03-08,976.4296957188429
Стильная,2024-03-09,970.7199058159069
Стильная,2024-03-10,921.505193147213
Стильная,2024-03-11,968.5699999500991
Стильная,2024-03-12,978.4279473861384
Стильная,2024-03-13,977.3192612932102
Стильная,2024-03-14,1000.725574117878
Стильная,2024-03-15,973.8328635358852
Стильная,2024-03-16,969.5456783196524
Стильная,2024-03-17,921.8727263765152
Стильная,2024-03-18,970.5291671800755
Стильная,2024-03-19,981.9465652344494
Стильная,2024-03-20,982.2725257247214
Стильная,2024-03-21,1006.8881880153926
Стильная,2024-03-22,980.8742729624124
Стильная,2024-03-23,977.0287542353531
Стильная,2024-03-24,929.2561343713668
Стильная,2024-03-25,977.1735622099712
Стильная,2024-03-26,987.1246343228403
Стильная,2024-03-27,985.1827823843267
Стильная,2024-03-28,1006.6723012605632
Стильная,2024-03-29,976.6375949144765
Стильная,2024-03-30,967.8635971790343
Стильная,2024-03-31,914.2672443457526
Стильная,2024-04-01,955.5051452841093
Стильная,2024-04-02,957.9882167641547
Стильная,2024-04-03,947.8851297507223
Стильная,2024-04-04,960.642586293141
Стильная,2024-04-05,921.4529916747916
Стильная,2024-04-06,903.2724902115893
Стильная,2024-04-07,840.2092771194187
Стильная,2024-04-08,872.1273914259059
Стильная,2024-04-09,865.6568395851581
Стильная,2024-04-10,847.1919985068961
Стильная,2024-04-11,852.4064391039111
Стильная,2024-04-12,806.714871995636
Стильная,2024-04-13,783.2853326803619
Стильная,2024-04-14,716.4216754729904
Стильная,2024-04-15,746.1617417005482
Стильная,2024-04-16,739.2822114742274
Стильная,2024-04-17,722.2922419568965
Стильная,2024-04-18,730.9441774708783
Стильная,2024-04-19,690.6921630365962
Стильная,2024-04-20,674.7018903110686
Стильная,2024-04-21,617.2316350416834
Стильная,2024-04-22,658.2300165040213
Стильная,2024-04-23,664.3415260499255
Стильная,2024-04-24,661.9019367097767
Стильная,2024-04-25,686.4518586250814
Стильная,2024-04-26,663.199221764529
Стильная,2024-04-27,665.0338360232912
Стильная,2024-04-28,625.914081923609
Стильная,2024-04-29,685.4710319172002
Стильная,2024-04-30,710.0208975991245
Стильная,2024-05-01,725.5677454535596
Стильная,2024-05-02,767.3245635035911
Стильная,2024-05-03,760.1832696421102
Стильная,2024-05-04,776.7366179604827
Стильная,2024-05-05,750.6718646569333
Стильная,2024-05-06,821.3813093602881
Стильная,2024-05-07,854.9804356083476
Стильная,2024-05-08,877.3154389949236
Стильная,2024-05-09,923.4880931286882
Стильная,2024-05-10,918.3284376920012
Стильная,2024-05-11,934.4181673349144
Стильная,2024-05-12,905.4845367202508
Стильная,2024-05-13,971.0098841504599
Стильная,2024-05-14,997.2475176079379
Стильная,2024-05-15,1010.2258050405005
Стильная,2024-05-16,1045.2685043508518
Стильная,2024-05-17,1027.4619325735277
Стильная,2024-05-18,1029.6719950822376
Стильная,2024-05-19,985.9310554249307
Стильная,2024-05-20,1036.0399322424698
Стильная,2024-05-21,1046.575964922078
Стильная,2024-05-22,1043.8891960341032
Стильная,2024-05-23,1063.6149149778964
Стильная,2024-05-24,1031.13336829063
Стильная,2024-05-25,1019.579854720715
Стильная,2024-05-26,963.2253687315925
Стильная,2024-05-27,1002.0732426641373
Стильная,2024-05-28,1002.8628690815583
Стильная,2024-05-29,992.0626633913163
Стильная,2024-05-30,1005.3805922154147
Стильная,2024-05-31,968.223120699419
Стильная,2024-06-01,953.705809909558
Стильная,2024-06-02,896.0357059462499
Стильная,2024-06-03,935.1109144554737
Стильная,2024-06-04,937.5283525769187
Стильная,2024-06-05,929.5817184893298
Стильная,2024-06-06,946.7778570157848
Стильная,2024-06-07,914.3022045195067
Стильная,2024-06-08,905.0363561537492
Стильная,2024-06-09,852.947696172229
Стильная,2024-06-10,897.69627694712
Стильная,2024-06-11,905.6497294808177
Стильная,2024-06-12,902.8880410575402
Стильная,2024-06-13,924.726184540987
Стильная,2024-06-14,896.1851046943942
Стильная,2024-06-15,890.0139478965151
Стильная,2024-06-16,840.083344929053
Стильная,2024-06-17,885.9948308498701
Стильная,2024-06-18,894.0971154241684
Стильная,2024-06-19,890.4910047420484
Стильная,2024-06-20,910.5509588242551
Стильная,2024-06-21,879.3938261826066
Стильная,2024-06-22,869.897711572865
Стильная,2024-06-23,816.0908887438214
Стильная,2024-06-24,857.7559736390742
Стильная,2024-06-25,861.4402284932783
Стильная,2024-06-26,853.4539754118465
Стильная,2024-06-27,869.3852980388546
Стильная,2024-06-28,834.5617763257204
Стильная,2024-06-29,822.0624190044099
Стильная,2024-06-30,766.0999122155368
Четверка,2024-01-01,1166.0004112266624
Четверка,2024-01-02,1252.153496927685
Четверка,2024-01-03,1367.5562005377892
Четверка,2024-01-04,1452.0071206661478
Четверка,2024-01-05,1522.5388720830551
Четверка,2024-01-06,1562.1803546083333
Четверка,2024-01-07,1546.5378883136236
Четверка,2024-01-08,1686.9522320671126
Четверка,2024-01-09,1691.1924676504127
Четверка,2024-01-10,1727.4286641526376
Четверка,2024-01-11,1736.9046542103301
Четверка,2024-01-12,1737.9135671531185
Четверка,2024-01-13,1714.5367342740635
Четверка,2024-01-14,1643.2073822655093
Четверка,2024-01-15,1735.8564440133782
Четверка,2024-01-16,1700.6016135107955
Четверка,2024-01-17,1705.7215351683099
Четверка,2024-01-18,1692.3362688768161
Четверка,2024-01-19,1678.3963274864536
Четверка,2024-01-20,1647.4404070326
Четверка,2024-01-21,1575.1825998725285
Четверка,2024-01-22,1672.6856818323158
Четверка,2024-01-23,1647.0807713964268
Четверка,2024-01-24,1665.574355538445
Четверка,2024-01-25,1668.1628861076106
Четверка,2024-01-26,1671.6562901830066
Четверка,2024-01-27,1658.4695716665387
Четверка,2024-01-28,1603.242386769934
Четверка,2024-01-29,1716.042336543244
Четверка,2024-01-30,1703.1115081199155
Четверка,2024-01-31,1730.896593972601
Четверка,2024-02-01,1738.78224527659
Четверка,2024-02-02,1743.1285853672257
Четверка,2024-02-03,1726.071782718133
Четверка,2024-02-04,1662.1474329648458
Четверка,2024-02-05,1761.4925058415215
Четверка,2024-02-06,1730.5855442896786
Четверка,2024-02-07,1736.2657366415929
Четверка,2024-02-08,1718.450935067432
Четверка,2024-02-09,1694.1560750130368
Четверка,2024-02-10,1646.2715186951639
Четверка,2024-02-11,1550.161771618406
Четверка,2024-02-12,1616.841082265495
Четверка,2024-02-13,1553.6863992610104
Четверка,2024-02-14,1528.4291039798622
Четверка,2024-02-15,1481.846376306873
Четверка,2024-02-16,1431.7543983390105
Четверка,2024-02-17,1361.7636141557055
Четверка,2024-02-18,1247.8571159758026
Четверка,2024-02-19,1301.549198240043
Четверка,2024-02-20,1230.5849818172705
Четверка,2024-02-21,1202.9228404161604
Четверка,2024-02-22,1159.42068026766
Четверка,2024-02-23,1117.8283471181753
Четверка,2024-02-24,1061.5463239477124
Четверка,2024-02-25,966.2116148406058
Четверка,2024-02-26,1042.867568525028
Четверка,2024-02-27,998.6781528632827
Четверка,2024-02-28,1000.9279315468384
Четверка,2024-02-29,989.7282386791901
Четверка,2024-03-01,982.0312125803928
Четверка,2024-03-02,960.4112008307354
Четверка,2024-03-03,899.673761279474
Четверка,2024-03-04,1010.0483422105334
Четверка,2024-03-05,997.9245023027287
Четверка,2024-03-06,1029.8723091418904
Четверка,2024-03-07,1045.366854619322
Четверка,2024-03-08,1060.8180615390966
Четверка,2024-03-09,1058.3648896533268
Четверка,2024-03-10,1012.4938554922053
Четверка,2024-03-11,1133.237739657843
Четверка,2024-03-12,1126.9142378389995
Четверка,2024-03-13,1160.1451962412218
Четверка,2024-03-14,1172.576476103754
Четверка,2024-03-15,1180.899827407537
Четверка,2024-03-16,1167.6361774399452
Четверка,2024-03-17,1107.740627373649
Четверка,2024-03-18,1211.785478132234
Четверка,2024-03-19,1186.6815438455524
Четверка,2024-03-20,1199.678934378877
Четверка,2024-03-21,1191.067914550994
Четверка,2024-03-22,1178.1817882595096
Четверка,2024-03-23,1144.1617696194376
Четверка,2024-03-24,1064.5446628542313
Четверка,2024-03-25,1150.4301577511135
Четверка,2024-03-26,1109.1884279281714
Четверка,2024-03-27,1108.4495740202249
Четверка,2024-03-28,1088.795802227865
Четверка,2024-03-29,1067.7584844772778
Четверка,2024-03-30,1028.5801711621868
Четверка,2024-03-31,946.8023962446375
Четверка,2024-04-01,1033.4360098850984
Четверка,2024-04-02,995.6745682389588
Четверка,2024-04-03,1000.8920852658821
Четверка,2024-04-04,989.345728626778
Четверка,2024-04-05,978.1852369964394
Четверка,2024-04-06,950.2287125107856
Четверка,2024-04-07,880.5651759986408
Четверка,2024-04-08,979.740147459203
Четверка,2024-04-09,954.4843028361552
Четверка,2024-04-10,971.7260420867327
Четверка,2024-04-11,971.3081036522196
Четверка,2024-04-12,970.009591782484
Четверка,2024-04-13,950.3327075486295
Четверка,2024-04-14,887.1142665729499
Четверка,2024-04-15,990.7180278819068
Четверка,2024-04-16,967.7677196251811
Четверка,2024-04-17,985.1615079204505
Четверка,2024-04-18,982.7880332137715
Четверка,2024-04-19,977.5454469292328
Четверка,2024-04-20,952.1228792794661
Четверка,2024-04-21,881.6046294812036
Четверка,2024-04-22,976.6533716115106
Четверка,2024-04-23,944.2325819912246
Четверка,2024-04-24,951.6092950431872
Четверка,2024-04-25,939.057701399345
Четверка,2024-04-26,923.8654265411714
Четверка,2024-04-27,889.1023295869036
Четверка,2024-04-28,810.2125126530782
Четверка,2024-04-29,898.1862112939532
Четверка,2024-04-30,860.2721158203099
Четверка,2024-05-01,863.9715306997948
Четверка,2024-05-02,849.7351336586929
Четверка,2024-05-03,834.9643611663488
Четверка,2024-05-04,802.7773838345788
Четверка,2024-05-05,728.60041857447
Четверка,2024-05-06,823.3410361652883
Четверка,2024-05-07,794.1039352059812
Четверка,2024-05-08,808.1904472910952
Четверка,2024-05-09,805.8023345151003
Четверка,2024-05-10,804.0516544615102
Четверка,2024-05-11,785.7363623414622
Четверка,2024-05-12,725.9420708283496
Четверка,2024-05-13,835.2262783208354
Четверка,2024-05-14,820.3451784270538
Четверка,2024-05-15,848.2639586620655
Четверка,2024-05-16,858.8708053066941
Четверка,2024-05-17,868.9960690183666
Четверка,2024-05-18,861.1959738409333
Четверка,2024-05-19,810.361045553174
Четверка,2024-05-20,926.905375215159
Четверка,2024-05-21,917.4966913308282
Четверка,2024-05-22,949.0680685653223
Четверка,2024-05-23,961.5314712138161
Четверка,2024-05-24,971.7946284937315
Четверка,2024-05-25,962.5407260259447
Четверка,2024-05-26,908.8312464893909
Четверка,2024-05-27,1021.2882820674306
Четверка,2024-05-28,1006.8165413362149
Четверка,2024-05-29,1032.6061617964647
Четверка,2024-05-30,1038.836833947949
Четверка,2024-05-31,1042.6850559107575
Четверка,2024-06-01,1027.0943284650682
Четверка,2024-06-02,967.3689419132046
Четверка,2024-06-03,1074.3479783326134
Четверка,2024-06-04,1055.1200256289792
Четверка,2024-06-05,1077.0199523438243
Четверка,2024-06-06,1080.3284433157503
Четверка,2024-06-07,1082.2762597025082
Четверка,2024-06-08,1065.8131236066517
Четверка,2024-06-09,1006.2019122322347
Четверка,2024-06-10,1114.1947610223565
Четверка,2024-06-11,1096.7514914794838
Четверка,2024-06-12,1121.041578216653
Четверка,2024-06-13,1127.1501718908767
Четверка,2024-06-14,1132.0899152534828
Четверка,2024-06-15,1118.578191060474
Четверка,2024-06-16,1061.6401987841891
Четверка,2024-06-17,1171.794154665565
Четверка,2024-06-18,1155.7787190872104
Четверка,2024-06-19,1180.5635575891554
Четверка,2024-06-20,1186.0632576183336
Четверка,2024-06-21,1189.1560670796066
Четверка,2024-06-22,1172.4668545921136
Четверка,2024-06-23,1110.9744897723365
Четверка,2024-06-24,1215.199786226777
Четверка,2024-06-25,1191.9340111987067
Четверка,2024-06-26,1208.248823293852
Четверка,2024-06-27,1204.2078721707114
Четверка,2024-06-28,1196.881594435671
Четверка,2024-06-29,1169.1247280407117
Четверка,2024-06-30,1096.1769161782538
